row,col,active,role,region,spawn,special,allow_biomes,allow_landmarks,allow_entities
0,0,False,void,none,False,,False,False,False
0,1,False,void,none,False,,False,False,False
0,2,False,void,none,False,,False,False,False
0,3,False,void,none,False,,False,False,False
0,4,False,void,none,False,,False,False,False
0,5,False,void,none,False,,False,False,False
0,6,False,void,none,False,,False,False,False
0,7,False,void,none,False,,False,False,False
0,8,False,void,none,False,,False,False,False
0,9,False,void,none,False,,False,False,False
0,10,True,outer_area,north_outer,False,,True,True,True
0,11,True,outer_area,north_outer,False,,True,True,True
0,12,True,outer_area,north_outer,False,,True,True,True
0,13,True,outer_area,north_outer,False,,True,True,True
0,14,True,outer_area,north_outer,False,,True,True,True
0,15,False,void,none,False,,False,False,False
0,16,False,void,none,False,,False,False,False
0,17,False,void,none,False,,False,False,False
0,18,False,void,none,False,,False,False,False
0,19,False,void,none,False,,False,False,False
0,20,False,void,none,False,,False,False,False
0,21,False,void,none,False,,False,False,False
0,22,False,void,none,False,,False,False,False
0,23,False,void,none,False,,False,False,False
0,24,False,void,none,False,,False,False,False
1,0,False,void,none,False,,False,False,False
1,1,False,void,none,False,,False,False,False
1,2,True,outer_area,northwest_outer,False,,True,True,True
1,3,True,outer_area,northwest_outer,False,,True,True,True
1,4,True,outer_area,northwest_outer,False,,True,True,True
1,5,True,outer_area,northwest_outer,False,,True,True,True
1,6,True,outer_area,northwest_outer,False,,True,True,True
1,7,False,void,none,False,,False,False,False
1,8,False,void,none,False,,False,False,False
1,9,True,outer_area,north_outer,False,,True,True,True
1,10,True,outer_area,north_outer,False,,True,True,True
1,11,True,outer_area,north_outer,False,,True,True,True
1,12,True,outer_area,north_outer,False,,True,True,True
1,13,True,outer_area,north_outer,False,,True,True,True
1,14,True,outer_area,north_outer,False,,True,True,True
1,15,False,void,none,False,,False,False,False
1,16,False,void,none,False,,False,False,False
1,17,False,void,none,False,,False,False,False
1,18,True,outer_area,northeast_outer,False,,True,True,True
1,19,True,outer_area,northeast_outer,False,,True,True,True
1,20,True,outer_area,northeast_outer,False,,True,True,True
1,21,True,outer_area,northeast_outer,False,,True,True,True
1,22,True,outer_area,northeast_outer,False,,True,True,True
1,23,False,void,none,False,,False,False,False
1,24,False,void,none,False,,False,False,False
2,0,False,void,none,False,,False,False,False
2,1,False,void,none,False,,False,False,False
2,2,True,outer_area,northwest_outer,False,,True,True,True
2,3,True,outer_area,northwest_outer,False,,True,True,True
2,4,True,outer_area,northwest_outer,False,,True,True,True
2,5,True,outer_area,northwest_outer,False,,True,True,True
2,6,True,outer_area,northwest_outer,False,,True,True,True
2,7,True,outer_area,northwest_outer,False,,True,True,True
2,8,False,void,none,False,,False,False,False
2,9,True,outer_area,north_outer,False,,True,True,True
2,10,True,outer_area,north_outer,False,,True,True,True
2,11,True,outer_area,north_outer,False,,True,True,True
2,12,True,spawn,north_spawn_mid,True,player_spawn,False,False,False
2,13,True,outer_area,north_outer,False,,True,True,True
2,14,True,outer_area,north_outer,False,,True,True,True
2,15,True,outer_area,north_outer,False,,True,True,True
2,16,False,void,none,False,,False,False,False
2,17,False,void,none,False,,False,False,False
2,18,True,outer_area,northeast_outer,False,,True,True,True
2,19,True,outer_area,northeast_outer,False,,True,True,True
2,20,True,outer_area,northeast_outer,False,,True,True,True
2,21,True,outer_area,northeast_outer,False,,True,True,True
2,22,True,outer_area,northeast_outer,False,,True,True,True
2,23,True,outer_area,northeast_outer,False,,True,True,True
2,24,False,void,none,False,,False,False,False
3,0,False,void,none,False,,False,False,False
3,1,True,outer_area,northwest_outer,False,,True,True,True
3,2,True,outer_area,northwest_outer,False,,True,True,True
3,3,True,outer_area,northwest_outer,False,,True,True,True
3,4,True,outer_area,northwest_outer,False,,True,True,True
3,5,True,outer_area,northwest_outer,False,,True,True,True
3,6,True,outer_area,northwest_outer,False,,True,True,True
3,7,True,outer_area,northwest_outer,False,,True,True,True
3,8,True,connector,,False,,True,False,True
3,9,True,connector,,False,,True,False,True
3,10,True,connector,,False,,True,False,True
3,11,True,outer_area,north_outer,False,,True,True,True
3,12,True,outer_area,north_outer,False,,True,True,True
3,13,True,outer_area,north_outer,False,,True,True,True
3,14,True,connector,,False,,True,False,True
3,15,True,connector,,False,,True,False,True
3,16,True,connector,,False,,True,False,True
3,17,True,outer_area,northeast_outer,False,,True,True,True
3,18,True,outer_area,northeast_outer,False,,True,True,True
3,19,True,outer_area,northeast_outer,False,,True,True,True
3,20,True,outer_area,northeast_outer,False,,True,True,True
3,21,True,outer_area,northeast_outer,False,,True,True,True
3,22,True,outer_area,northeast_outer,False,,True,True,True
3,23,True,outer_area,northeast_outer,False,,True,True,True
3,24,False,void,none,False,,False,False,False
4,0,False,void,none,False,,False,False,False
4,1,True,outer_area,northwest_outer,False,,True,True,True
4,2,True,outer_area,northwest_outer,False,,True,True,True
4,3,True,outer_area,northwest_outer,False,,True,True,True
4,4,True,outer_area,northwest_outer,False,,True,True,True
4,5,True,outer_area,northwest_outer,False,,True,True,True
4,6,True,outer_area,northwest_outer,False,,True,True,True
4,7,True,connector,,False,,True,False,True
4,8,True,connector,,False,,True,False,True
4,9,False,void,none,False,,False,False,False
4,10,True,outer_area,north_outer,False,,True,True,True
4,11,True,outer_area,north_outer,False,,True,True,True
4,12,True,outer_area,north_outer,False,,True,True,True
4,13,True,outer_area,north_outer,False,,True,True,True
4,14,True,outer_area,north_outer,False,,True,True,True
4,15,False,void,none,False,,False,False,False
4,16,True,connector,,False,,True,False,True
4,17,True,connector,,False,,True,False,True
4,18,True,outer_area,northeast_outer,False,,True,True,True
4,19,True,outer_area,northeast_outer,False,,True,True,True
4,20,True,outer_area,northeast_outer,False,,True,True,True
4,21,True,outer_area,northeast_outer,False,,True,True,True
4,22,True,outer_area,northeast_outer,False,,True,True,True
4,23,True,outer_area,northeast_outer,False,,True,True,True
4,24,True,outer_area,northeast_outer,False,,True,True,True
5,0,True,outer_area,northwest_outer,False,,True,True,True
5,1,True,outer_area,northwest_outer,False,,True,True,True
5,2,True,outer_area,northwest_outer,False,,True,True,True
5,3,True,outer_area,northwest_outer,False,,True,True,True
5,4,True,outer_area,northwest_outer,False,,True,True,True
5,5,True,outer_area,northwest_outer,False,,True,True,True
5,6,True,outer_area,northwest_outer,False,,True,True,True
5,7,True,outer_area,northwest_outer,False,,True,True,True
5,8,True,outer_area,northwest_outer,False,,True,True,True
5,9,False,void,none,False,,False,False,False
5,10,True,outer_area,north_outer,False,,True,True,True
5,11,True,outer_area,north_outer,False,,True,True,True
5,12,True,outer_area,north_outer,False,,True,True,True
5,13,True,outer_area,north_outer,False,,True,True,True
5,14,False,void,none,False,,False,False,False
5,15,False,void,none,False,,False,False,False
5,16,True,outer_area,northeast_outer,False,,True,True,True
5,17,True,outer_area,northeast_outer,False,,True,True,True
5,18,True,outer_area,northeast_outer,False,,True,True,True
5,19,True,outer_area,northeast_outer,False,,True,True,True
5,20,True,outer_area,northeast_outer,False,,True,True,True
5,21,True,outer_area,northeast_outer,False,,True,True,True
5,22,True,outer_area,northeast_outer,False,,True,True,True
5,23,True,outer_area,northeast_outer,False,,True,True,True
5,24,True,outer_area,northeast_outer,False,,True,True,True
6,0,False,void,none,False,,False,False,False
6,1,True,outer_area,northwest_outer,False,,True,True,True
6,2,True,outer_area,northwest_outer,False,,True,True,True
6,3,True,outer_area,northwest_outer,False,,True,True,True
6,4,True,outer_area,northwest_outer,False,,True,True,True
6,5,True,outer_area,northwest_outer,False,,True,True,True
6,6,True,outer_area,northwest_outer,False,,True,True,True
6,7,True,outer_area,northwest_outer,False,,True,True,True
6,8,True,outer_area,northwest_outer,False,,True,True,True
6,9,False,void,none,False,,False,False,False
6,10,False,void,none,False,,False,False,False
6,11,False,void,none,False,,False,False,False
6,12,False,void,none,False,,False,False,False
6,13,False,void,none,False,,False,False,False
6,14,False,void,none,False,,False,False,False
6,15,False,void,none,False,,False,False,False
6,16,False,void,none,False,,False,False,False
6,17,True,outer_area,northeast_outer,False,,True,True,True
6,18,True,outer_area,northeast_outer,False,,True,True,True
6,19,True,outer_area,northeast_outer,False,,True,True,True
6,20,True,outer_area,northeast_outer,False,,True,True,True
6,21,True,outer_area,northeast_outer,False,,True,True,True
6,22,True,outer_area,northeast_outer,False,,True,True,True
6,23,True,outer_area,northeast_outer,False,,True,True,True
6,24,True,outer_area,northeast_outer,False,,True,True,True
7,0,False,void,none,False,,False,False,False
7,1,True,outer_area,northwest_outer,False,,True,True,True
7,2,True,spawn,northwest_spawn,True,player_spawn,False,False,False
7,3,True,outer_area,northwest_outer,False,,True,True,True
7,4,True,outer_area,northwest_outer,False,,True,True,True
7,5,True,outer_area,northwest_outer,False,,True,True,True
7,6,True,outer_area,northwest_outer,False,,True,True,True
7,7,True,outer_area,northwest_outer,False,,True,True,True
7,8,False,void,none,False,,False,False,False
7,9,False,void,none,False,,False,False,False
7,10,False,void,none,False,,False,False,False
7,11,False,void,none,False,,False,False,False
7,12,False,void,none,False,,False,False,False
7,13,False,void,none,False,,False,False,False
7,14,False,void,none,False,,False,False,False
7,15,False,void,none,False,,False,False,False
7,16,False,void,none,False,,False,False,False
7,17,True,outer_area,northeast_outer,False,,True,True,True
7,18,True,outer_area,northeast_outer,False,,True,True,True
7,19,True,outer_area,northeast_outer,False,,True,True,True
7,20,True,outer_area,northeast_outer,False,,True,True,True
7,21,True,outer_area,northeast_outer,False,,True,True,True
7,22,True,spawn,northeast_spawn,True,player_spawn,False,False,False
7,23,True,outer_area,northeast_outer,False,,True,True,True
7,24,False,void,none,False,,False,False,False
8,0,False,void,none,False,,False,False,False
8,1,False,void,none,False,,False,False,False
8,2,True,outer_area,northwest_outer,False,,True,True,True
8,3,True,outer_area,northwest_outer,False,,True,True,True
8,4,True,outer_area,northwest_outer,False,,True,True,True
8,5,True,outer_area,northwest_outer,False,,True,True,True
8,6,True,outer_area,northwest_outer,False,,True,True,True
8,7,True,connector,,False,,True,False,True
8,8,False,void,none,False,,False,False,False
8,9,False,void,none,False,,False,False,False
8,10,True,core_area,north_core,False,,True,True,True
8,11,True,core_area,north_core,False,,True,True,True
8,12,True,core_area,north_core,False,,True,True,True
8,13,True,core_area,north_core,False,,True,True,True
8,14,True,core_area,north_core,False,,True,True,True
8,15,False,void,none,False,,False,False,False
8,16,False,void,none,False,,False,False,False
8,17,True,connector,,False,,True,False,True
8,18,True,outer_area,northeast_outer,False,,True,True,True
8,19,True,outer_area,northeast_outer,False,,True,True,True
8,20,True,outer_area,northeast_outer,False,,True,True,True
8,21,True,outer_area,northeast_outer,False,,True,True,True
8,22,True,outer_area,northeast_outer,False,,True,True,True
8,23,True,outer_area,northeast_outer,False,,True,True,True
8,24,False,void,none,False,,False,False,False
9,0,False,void,none,False,,False,False,False
9,1,False,void,none,False,,False,False,False
9,2,True,outer_area,northwest_outer,False,,True,True,True
9,3,True,outer_area,northwest_outer,False,,True,True,True
9,4,True,outer_area,northwest_outer,False,,True,True,True
9,5,True,outer_area,northwest_outer,False,,True,True,True
9,6,True,outer_area,northwest_outer,False,,True,True,True
9,7,True,connector,,False,,True,False,True
9,8,True,connector,,False,,True,False,True
9,9,True,core_area,north_core,False,,True,True,True
9,10,True,core_area,north_core,False,,True,True,True
9,11,True,core_area,north_core,False,,True,True,True
9,12,True,core_area,north_core,False,,True,True,True
9,13,True,core_area,north_core,False,,True,True,True
9,14,True,core_area,north_core,False,,True,True,True
9,15,False,void,none,False,,False,False,False
9,16,True,connector,,False,,True,False,True
9,17,True,connector,,False,,True,False,True
9,18,True,outer_area,northeast_outer,False,,True,True,True
9,19,True,outer_area,northeast_outer,False,,True,True,True
9,20,True,outer_area,northeast_outer,False,,True,True,True
9,21,True,outer_area,northeast_outer,False,,True,True,True
9,22,True,outer_area,northeast_outer,False,,True,True,True
9,23,False,void,none,False,,False,False,False
9,24,False,void,none,False,,False,False,False
10,0,False,void,none,False,,False,False,False
10,1,False,void,none,False,,False,False,False
10,2,False,void,none,False,,False,False,False
10,3,False,void,none,False,,False,False,False
10,4,False,void,none,False,,False,False,False
10,5,False,void,none,False,,False,False,False
10,6,False,void,none,False,,False,False,False
10,7,False,void,none,False,,False,False,False
10,8,True,connector,,False,,True,False,True
10,9,True,core_area,north_core,False,,True,True,True
10,10,True,core_area,north_core,False,,True,True,True
10,11,True,core_area,north_core,False,,True,True,True
10,12,True,core_area,north_core,False,,True,True,True
10,13,True,core_area,north_core,False,,True,True,True
10,14,True,core_area,north_core,False,,True,True,True
10,15,True,core_area,north_core,False,,True,True,True
10,16,True,connector,,False,,True,False,True
10,17,False,void,none,False,,False,False,False
10,18,False,void,none,False,,False,False,False
10,19,False,void,none,False,,False,False,False
10,20,False,void,none,False,,False,False,False
10,21,False,void,none,False,,False,False,False
10,22,False,void,none,False,,False,False,False
10,23,False,void,none,False,,False,False,False
10,24,False,void,none,False,,False,False,False
11,0,False,void,none,False,,False,False,False
11,1,False,void,none,False,,False,False,False
11,2,False,void,none,False,,False,False,False
11,3,False,void,none,False,,False,False,False
11,4,False,void,none,False,,False,False,False
11,5,False,void,none,False,,False,False,False
11,6,False,void,none,False,,False,False,False
11,7,False,void,none,False,,False,False,False
11,8,True,core_area,north_core,False,,True,True,True
11,9,True,core_area,north_core,False,,True,True,True
11,10,True,core_area,north_core,False,,True,True,True
11,11,True,center_ring,north_core,False,,False,True,True
11,12,True,center_ring,north_core,False,,False,True,True
11,13,True,core_area,north_core,False,,True,True,True
11,14,True,core_area,north_core,False,,True,True,True
11,15,True,core_area,north_core,False,,True,True,True
11,16,False,void,none,False,,False,False,False
11,17,False,void,none,False,,False,False,False
11,18,False,void,none,False,,False,False,False
11,19,False,void,none,False,,False,False,False
11,20,False,void,none,False,,False,False,False
11,21,False,void,none,False,,False,False,False
11,22,False,void,none,False,,False,False,False
11,23,False,void,none,False,,False,False,False
11,24,False,void,none,False,,False,False,False
12,0,False,void,none,False,,False,False,False
12,1,False,void,none,False,,False,False,False
12,2,False,void,none,False,,False,False,False
12,3,False,void,none,False,,False,False,False
12,4,False,void,none,False,,False,False,False
12,5,False,void,none,False,,False,False,False
12,6,False,void,none,False,,False,False,False
12,7,False,void,none,False,,False,False,False
12,8,True,core_area,north_core,False,,True,True,True
12,9,True,core_area,north_core,False,,True,True,True
12,10,True,core_area,north_core,False,,True,True,True
12,11,True,center_ring,north_core,False,,False,True,True
12,12,True,center_core,center_north,False,boss,False,True,True
12,13,True,center_ring,north_core,False,,False,True,True
12,14,True,core_area,north_core,False,,True,True,True
12,15,True,core_area,north_core,False,,True,True,True
12,16,True,core_area,north_core,False,,True,True,True
12,17,False,void,none,False,,False,False,False
12,18,False,void,none,False,,False,False,False
12,19,False,void,none,False,,False,False,False
12,20,False,void,none,False,,False,False,False
12,21,False,void,none,False,,False,False,False
12,22,False,void,none,False,,False,False,False
12,23,False,void,none,False,,False,False,False
12,24,False,void,none,False,,False,False,False
13,0,False,void,none,False,,False,False,False
13,1,False,void,none,False,,False,False,False
13,2,False,void,none,False,,False,False,False
13,3,False,void,none,False,,False,False,False
13,4,False,void,none,False,,False,False,False
13,5,False,void,none,False,,False,False,False
13,6,False,void,none,False,,False,False,False
13,7,False,void,none,False,,False,False,False
13,8,True,core_area,north_core,False,,True,True,True
13,9,True,core_area,north_core,False,,True,True,True
13,10,True,core_area,north_core,False,,True,True,True
13,11,True,center_ring,north_core,False,,False,True,True
13,12,True,center_ring,north_core,False,,False,True,True
13,13,True,core_area,north_core,False,,True,True,True
13,14,True,core_area,north_core,False,,True,True,True
13,15,True,core_area,north_core,False,,True,True,True
13,16,False,void,none,False,,False,False,False
13,17,False,void,none,False,,False,False,False
13,18,False,void,none,False,,False,False,False
13,19,False,void,none,False,,False,False,False
13,20,False,void,none,False,,False,False,False
13,21,False,void,none,False,,False,False,False
13,22,False,void,none,False,,False,False,False
13,23,False,void,none,False,,False,False,False
13,24,False,void,none,False,,False,False,False
14,0,False,void,none,False,,False,False,False
14,1,False,void,none,False,,False,False,False
14,2,False,void,none,False,,False,False,False
14,3,False,void,none,False,,False,False,False
14,4,False,void,none,False,,False,False,False
14,5,False,void,none,False,,False,False,False
14,6,False,void,none,False,,False,False,False
14,7,False,void,none,False,,False,False,False
14,8,False,void,none,False,,False,False,False
14,9,True,core_area,north_core,False,,True,True,True
14,10,True,core_area,north_core,False,,True,True,True
14,11,True,core_area,north_core,False,,True,True,True
14,12,True,core_area,north_core,False,,True,True,True
14,13,True,core_area,north_core,False,,True,True,True
14,14,True,core_area,north_core,False,,True,True,True
14,15,True,core_area,north_core,False,,True,True,True
14,16,False,void,none,False,,False,False,False
14,17,False,void,none,False,,False,False,False
14,18,False,void,none,False,,False,False,False
14,19,False,void,none,False,,False,False,False
14,20,False,void,none,False,,False,False,False
14,21,False,void,none,False,,False,False,False
14,22,False,void,none,False,,False,False,False
14,23,False,void,none,False,,False,False,False
14,24,False,void,none,False,,False,False,False
15,0,False,void,none,False,,False,False,False
15,1,False,void,none,False,,False,False,False
15,2,False,void,none,False,,False,False,False
15,3,False,void,none,False,,False,False,False
15,4,False,void,none,False,,False,False,False
15,5,False,void,none,False,,False,False,False
15,6,False,void,none,False,,False,False,False
15,7,False,void,none,False,,False,False,False
15,8,False,void,none,False,,False,False,False
15,9,True,core_area,north_core,False,,True,True,True
15,10,True,core_area,north_core,False,,True,True,True
15,11,True,core_area,north_core,False,,True,True,True
15,12,True,core_area,north_core,False,,True,True,True
15,13,True,core_area,north_core,False,,True,True,True
15,14,True,core_area,north_core,False,,True,True,True
15,15,False,void,none,False,,False,False,False
15,16,False,void,none,False,,False,False,False
15,17,False,void,none,False,,False,False,False
15,18,False,void,none,False,,False,False,False
15,19,False,void,none,False,,False,False,False
15,20,False,void,none,False,,False,False,False
15,21,False,void,none,False,,False,False,False
15,22,False,void,none,False,,False,False,False
15,23,False,void,none,False,,False,False,False
15,24,False,void,none,False,,False,False,False
16,0,False,void,none,False,,False,False,False
16,1,False,void,none,False,,False,False,False
16,2,False,void,none,False,,False,False,False
16,3,False,void,none,False,,False,False,False
16,4,False,void,none,False,,False,False,False
16,5,False,void,none,False,,False,False,False
16,6,False,void,none,False,,False,False,False
16,7,False,void,none,False,,False,False,False
16,8,False,void,none,False,,False,False,False
16,9,False,void,none,False,,False,False,False
16,10,True,core_area,north_core,False,,True,True,True
16,11,True,core_area,north_core,False,,True,True,True
16,12,True,core_area,north_core,False,,True,True,True
16,13,True,core_area,north_core,False,,True,True,True
16,14,True,core_area,north_core,False,,True,True,True
16,15,False,void,none,False,,False,False,False
16,16,False,void,none,False,,False,False,False
16,17,False,void,none,False,,False,False,False
16,18,False,void,none,False,,False,False,False
16,19,False,void,none,False,,False,False,False
16,20,False,void,none,False,,False,False,False
16,21,False,void,none,False,,False,False,False
16,22,False,void,none,False,,False,False,False
16,23,False,void,none,False,,False,False,False
16,24,False,void,none,False,,False,False,False
17,0,False,void,none,False,,False,False,False
17,1,False,void,none,False,,False,False,False
17,2,False,void,none,False,,False,False,False
17,3,False,void,none,False,,False,False,False
17,4,False,void,none,False,,False,False,False
17,5,False,void,none,False,,False,False,False
17,6,False,void,none,False,,False,False,False
17,7,False,void,none,False,,False,False,False
17,8,False,void,none,False,,False,False,False
17,9,False,void,none,False,,False,False,False
17,10,True,outer_area,mid_outer,False,,True,True,True
17,11,True,outer_area,mid_outer,False,,True,True,True
17,12,True,outer_area,mid_outer,False,,True,True,True
17,13,True,outer_area,mid_outer,False,,True,True,True
17,14,True,outer_area,mid_outer,False,,True,True,True
17,15,False,void,none,False,,False,False,False
17,16,False,void,none,False,,False,False,False
17,17,False,void,none,False,,False,False,False
17,18,False,void,none,False,,False,False,False
17,19,False,void,none,False,,False,False,False
17,20,False,void,none,False,,False,False,False
17,21,False,void,none,False,,False,False,False
17,22,False,void,none,False,,False,False,False
17,23,False,void,none,False,,False,False,False
17,24,False,void,none,False,,False,False,False
18,0,False,void,none,False,,False,False,False
18,1,False,void,none,False,,False,False,False
18,2,False,void,none,False,,False,False,False
18,3,False,void,none,False,,False,False,False
18,4,False,void,none,False,,False,False,False
18,5,False,void,none,False,,False,False,False
18,6,False,void,none,False,,False,False,False
18,7,False,void,none,False,,False,False,False
18,8,False,void,none,False,,False,False,False
18,9,False,void,none,False,,False,False,False
18,10,True,outer_area,mid_outer,False,,True,True,True
18,11,True,outer_area,mid_outer,False,,True,True,True
18,12,True,outer_area,mid_outer,False,,True,True,True
18,13,True,outer_area,mid_outer,False,,True,True,True
18,14,True,outer_area,mid_outer,False,,True,True,True
18,15,True,outer_area,mid_outer,False,,True,True,True
18,16,False,void,none,False,,False,False,False
18,17,False,void,none,False,,False,False,False
18,18,False,void,none,False,,False,False,False
18,19,False,void,none,False,,False,False,False
18,20,False,void,none,False,,False,False,False
18,21,False,void,none,False,,False,False,False
18,22,False,void,none,False,,False,False,False
18,23,False,void,none,False,,False,False,False
18,24,False,void,none,False,,False,False,False
19,0,False,void,none,False,,False,False,False
19,1,False,void,none,False,,False,False,False
19,2,False,void,none,False,,False,False,False
19,3,False,void,none,False,,False,False,False
19,4,False,void,none,False,,False,False,False
19,5,False,void,none,False,,False,False,False
19,6,False,void,none,False,,False,False,False
19,7,True,connector,,False,,True,False,True
19,8,False,void,none,False,,False,False,False
19,9,True,outer_area,mid_outer,False,,True,True,True
19,10,True,outer_area,mid_outer,False,,True,True,True
19,11,True,outer_area,mid_outer,False,,True,True,True
19,12,True,outer_area,mid_outer,False,,True,True,True
19,13,True,outer_area,mid_outer,False,,True,True,True
19,14,True,outer_area,mid_outer,False,,True,True,True
19,15,True,outer_area,mid_outer,False,,True,True,True
19,16,False,void,none,False,,False,False,False
19,17,True,connector,,False,,True,False,True
19,18,False,void,none,False,,False,False,False
19,19,False,void,none,False,,False,False,False
19,20,False,void,none,False,,False,False,False
19,21,False,void,none,False,,False,False,False
19,22,False,void,none,False,,False,False,False
19,23,False,void,none,False,,False,False,False
19,24,False,void,none,False,,False,False,False
20,0,False,void,none,False,,False,False,False
20,1,False,void,none,False,,False,False,False
20,2,False,void,none,False,,False,False,False
20,3,False,void,none,False,,False,False,False
20,4,False,void,none,False,,False,False,False
20,5,False,void,none,False,,False,False,False
20,6,False,void,none,False,,False,False,False
20,7,True,connector,,False,,True,False,True
20,8,True,connector,,False,,True,False,True
20,9,True,outer_area,mid_outer,False,,True,True,True
20,10,True,outer_area,mid_outer,False,,True,True,True
20,11,True,outer_area,mid_outer,False,,True,True,True
20,12,True,outer_area,mid_outer,False,,True,True,True
20,13,True,outer_area,mid_outer,False,,True,True,True
20,14,True,outer_area,mid_outer,False,,True,True,True
20,15,True,outer_area,mid_outer,False,,True,True,True
20,16,True,connector,,False,,True,False,True
20,17,True,connector,,False,,True,False,True
20,18,False,void,none,False,,False,False,False
20,19,False,void,none,False,,False,False,False
20,20,False,void,none,False,,False,False,False
20,21,False,void,none,False,,False,False,False
20,22,False,void,none,False,,False,False,False
20,23,False,void,none,False,,False,False,False
20,24,False,void,none,False,,False,False,False
21,0,False,void,none,False,,False,False,False
21,1,False,void,none,False,,False,False,False
21,2,False,void,none,False,,False,False,False
21,3,False,void,none,False,,False,False,False
21,4,False,void,none,False,,False,False,False
21,5,False,void,none,False,,False,False,False
21,6,False,void,none,False,,False,False,False
21,7,False,void,none,False,,False,False,False
21,8,True,connector,,False,,True,False,True
21,9,True,outer_area,mid_outer,False,,True,True,True
21,10,True,outer_area,mid_outer,False,,True,True,True
21,11,True,outer_area,mid_outer,False,,True,True,True
21,12,True,spawn,mid_spawn,True,player_spawn,False,False,False
21,13,True,outer_area,mid_outer,False,,True,True,True
21,14,True,outer_area,mid_outer,False,,True,True,True
21,15,True,outer_area,mid_outer,False,,True,True,True
21,16,True,connector,,False,,True,False,True
21,17,False,void,none,False,,False,False,False
21,18,False,void,none,False,,False,False,False
21,19,False,void,none,False,,False,False,False
21,20,False,void,none,False,,False,False,False
21,21,False,void,none,False,,False,False,False
21,22,False,void,none,False,,False,False,False
21,23,False,void,none,False,,False,False,False
21,24,False,void,none,False,,False,False,False
22,0,False,void,none,False,,False,False,False
22,1,False,void,none,False,,False,False,False
22,2,False,void,none,False,,False,False,False
22,3,False,void,none,False,,False,False,False
22,4,False,void,none,False,,False,False,False
22,5,False,void,none,False,,False,False,False
22,6,False,void,none,False,,False,False,False
22,7,False,void,none,False,,False,False,False
22,8,False,void,none,False,,False,False,False
22,9,True,outer_area,mid_outer,False,,True,True,True
22,10,True,outer_area,mid_outer,False,,True,True,True
22,11,True,outer_area,mid_outer,False,,True,True,True
22,12,True,outer_area,mid_outer,False,,True,True,True
22,13,True,outer_area,mid_outer,False,,True,True,True
22,14,True,outer_area,mid_outer,False,,True,True,True
22,15,True,outer_area,mid_outer,False,,True,True,True
22,16,True,outer_area,mid_outer,False,,True,True,True
22,17,False,void,none,False,,False,False,False
22,18,False,void,none,False,,False,False,False
22,19,False,void,none,False,,False,False,False
22,20,False,void,none,False,,False,False,False
22,21,False,void,none,False,,False,False,False
22,22,False,void,none,False,,False,False,False
22,23,False,void,none,False,,False,False,False
22,24,False,void,none,False,,False,False,False
23,0,False,void,none,False,,False,False,False
23,1,False,void,none,False,,False,False,False
23,2,False,void,none,False,,False,False,False
23,3,False,void,none,False,,False,False,False
23,4,False,void,none,False,,False,False,False
23,5,False,void,none,False,,False,False,False
23,6,False,void,none,False,,False,False,False
23,7,False,void,none,False,,False,False,False
23,8,False,void,none,False,,False,False,False
23,9,True,outer_area,mid_outer,False,,True,True,True
23,10,True,outer_area,mid_outer,False,,True,True,True
23,11,True,outer_area,mid_outer,False,,True,True,True
23,12,True,outer_area,mid_outer,False,,True,True,True
23,13,True,outer_area,mid_outer,False,,True,True,True
23,14,True,outer_area,mid_outer,False,,True,True,True
23,15,True,outer_area,mid_outer,False,,True,True,True
23,16,False,void,none,False,,False,False,False
23,17,False,void,none,False,,False,False,False
23,18,False,void,none,False,,False,False,False
23,19,False,void,none,False,,False,False,False
23,20,False,void,none,False,,False,False,False
23,21,False,void,none,False,,False,False,False
23,22,False,void,none,False,,False,False,False
23,23,False,void,none,False,,False,False,False
23,24,False,void,none,False,,False,False,False
24,0,False,void,none,False,,False,False,False
24,1,False,void,none,False,,False,False,False
24,2,False,void,none,False,,False,False,False
24,3,False,void,none,False,,False,False,False
24,4,False,void,none,False,,False,False,False
24,5,False,void,none,False,,False,False,False
24,6,False,void,none,False,,False,False,False
24,7,False,void,none,False,,False,False,False
24,8,False,void,none,False,,False,False,False
24,9,False,void,none,False,,False,False,False
24,10,True,outer_area,mid_outer,False,,True,True,True
24,11,True,outer_area,mid_outer,False,,True,True,True
24,12,True,outer_area,mid_outer,False,,True,True,True
24,13,True,outer_area,mid_outer,False,,True,True,True
24,14,True,outer_area,mid_outer,False,,True,True,True
24,15,True,outer_area,mid_outer,False,,True,True,True
24,16,False,void,none,False,,False,False,False
24,17,False,void,none,False,,False,False,False
24,18,False,void,none,False,,False,False,False
24,19,False,void,none,False,,False,False,False
24,20,False,void,none,False,,False,False,False
24,21,False,void,none,False,,False,False,False
24,22,False,void,none,False,,False,False,False
24,23,False,void,none,False,,False,False,False
24,24,False,void,none,False,,False,False,False
25,0,False,void,none,False,,False,False,False
25,1,False,void,none,False,,False,False,False
25,2,False,void,none,False,,False,False,False
25,3,False,void,none,False,,False,False,False
25,4,False,void,none,False,,False,False,False
25,5,False,void,none,False,,False,False,False
25,6,False,void,none,False,,False,False,False
25,7,False,void,none,False,,False,False,False
25,8,False,void,none,False,,False,False,False
25,9,False,void,none,False,,False,False,False
25,10,True,outer_area,mid_outer,False,,True,True,True
25,11,True,outer_area,mid_outer,False,,True,True,True
25,12,True,outer_area,mid_outer,False,,True,True,True
25,13,True,outer_area,mid_outer,False,,True,True,True
25,14,True,outer_area,mid_outer,False,,True,True,True
25,15,False,void,none,False,,False,False,False
25,16,False,void,none,False,,False,False,False
25,17,False,void,none,False,,False,False,False
25,18,False,void,none,False,,False,False,False
25,19,False,void,none,False,,False,False,False
25,20,False,void,none,False,,False,False,False
25,21,False,void,none,False,,False,False,False
25,22,False,void,none,False,,False,False,False
25,23,False,void,none,False,,False,False,False
25,24,False,void,none,False,,False,False,False
26,0,False,void,none,False,,False,False,False
26,1,False,void,none,False,,False,False,False
26,2,False,void,none,False,,False,False,False
26,3,False,void,none,False,,False,False,False
26,4,False,void,none,False,,False,False,False
26,5,False,void,none,False,,False,False,False
26,6,False,void,none,False,,False,False,False
26,7,False,void,none,False,,False,False,False
26,8,False,void,none,False,,False,False,False
26,9,False,void,none,False,,False,False,False
26,10,True,core_area,south_core,False,,True,True,True
26,11,True,core_area,south_core,False,,True,True,True
26,12,True,core_area,south_core,False,,True,True,True
26,13,True,core_area,south_core,False,,True,True,True
26,14,True,core_area,south_core,False,,True,True,True
26,15,False,void,none,False,,False,False,False
26,16,False,void,none,False,,False,False,False
26,17,False,void,none,False,,False,False,False
26,18,False,void,none,False,,False,False,False
26,19,False,void,none,False,,False,False,False
26,20,False,void,none,False,,False,False,False
26,21,False,void,none,False,,False,False,False
26,22,False,void,none,False,,False,False,False
26,23,False,void,none,False,,False,False,False
26,24,False,void,none,False,,False,False,False
27,0,False,void,none,False,,False,False,False
27,1,False,void,none,False,,False,False,False
27,2,False,void,none,False,,False,False,False
27,3,False,void,none,False,,False,False,False
27,4,False,void,none,False,,False,False,False
27,5,False,void,none,False,,False,False,False
27,6,False,void,none,False,,False,False,False
27,7,False,void,none,False,,False,False,False
27,8,False,void,none,False,,False,False,False
27,9,True,core_area,south_core,False,,True,True,True
27,10,True,core_area,south_core,False,,True,True,True
27,11,True,core_area,south_core,False,,True,True,True
27,12,True,core_area,south_core,False,,True,True,True
27,13,True,core_area,south_core,False,,True,True,True
27,14,True,core_area,south_core,False,,True,True,True
27,15,False,void,none,False,,False,False,False
27,16,False,void,none,False,,False,False,False
27,17,False,void,none,False,,False,False,False
27,18,False,void,none,False,,False,False,False
27,19,False,void,none,False,,False,False,False
27,20,False,void,none,False,,False,False,False
27,21,False,void,none,False,,False,False,False
27,22,False,void,none,False,,False,False,False
27,23,False,void,none,False,,False,False,False
27,24,False,void,none,False,,False,False,False
28,0,False,void,none,False,,False,False,False
28,1,False,void,none,False,,False,False,False
28,2,False,void,none,False,,False,False,False
28,3,False,void,none,False,,False,False,False
28,4,False,void,none,False,,False,False,False
28,5,False,void,none,False,,False,False,False
28,6,False,void,none,False,,False,False,False
28,7,True,connector,,False,,True,False,True
28,8,False,void,none,False,,False,False,False
28,9,True,core_area,south_core,False,,True,True,True
28,10,True,core_area,south_core,False,,True,True,True
28,11,True,core_area,south_core,False,,True,True,True
28,12,True,core_area,south_core,False,,True,True,True
28,13,True,core_area,south_core,False,,True,True,True
28,14,True,core_area,south_core,False,,True,True,True
28,15,True,core_area,south_core,False,,True,True,True
28,16,False,void,none,False,,False,False,False
28,17,True,connector,,False,,True,False,True
28,18,False,void,none,False,,False,False,False
28,19,False,void,none,False,,False,False,False
28,20,False,void,none,False,,False,False,False
28,21,False,void,none,False,,False,False,False
28,22,False,void,none,False,,False,False,False
28,23,False,void,none,False,,False,False,False
28,24,False,void,none,False,,False,False,False
29,0,False,void,none,False,,False,False,False
29,1,False,void,none,False,,False,False,False
29,2,False,void,none,False,,False,False,False
29,3,False,void,none,False,,False,False,False
29,4,False,void,none,False,,False,False,False
29,5,False,void,none,False,,False,False,False
29,6,False,void,none,False,,False,False,False
29,7,True,connector,,False,,True,False,True
29,8,True,connector,,False,,True,False,True
29,9,True,core_area,south_core,False,,True,True,True
29,10,True,core_area,south_core,False,,True,True,True
29,11,True,center_ring,south_core,False,,False,True,True
29,12,True,center_ring,south_core,False,,False,True,True
29,13,True,core_area,south_core,False,,True,True,True
29,14,True,core_area,south_core,False,,True,True,True
29,15,True,core_area,south_core,False,,True,True,True
29,16,True,connector,,False,,True,False,True
29,17,True,connector,,False,,True,False,True
29,18,False,void,none,False,,False,False,False
29,19,False,void,none,False,,False,False,False
29,20,False,void,none,False,,False,False,False
29,21,False,void,none,False,,False,False,False
29,22,False,void,none,False,,False,False,False
29,23,False,void,none,False,,False,False,False
29,24,False,void,none,False,,False,False,False
30,0,False,void,none,False,,False,False,False
30,1,False,void,none,False,,False,False,False
30,2,False,void,none,False,,False,False,False
30,3,False,void,none,False,,False,False,False
30,4,False,void,none,False,,False,False,False
30,5,False,void,none,False,,False,False,False
30,6,False,void,none,False,,False,False,False
30,7,False,void,none,False,,False,False,False
30,8,True,connector,,False,,True,False,True
30,9,True,core_area,south_core,False,,True,True,True
30,10,True,core_area,south_core,False,,True,True,True
30,11,True,center_ring,south_core,False,,False,True,True
30,12,True,center_core,center_south,False,boss,False,True,True
30,13,True,center_ring,south_core,False,,False,True,True
30,14,True,core_area,south_core,False,,True,True,True
30,15,True,core_area,south_core,False,,True,True,True
30,16,True,connector,,False,,True,False,True
30,17,False,void,none,False,,False,False,False
30,18,False,void,none,False,,False,False,False
30,19,False,void,none,False,,False,False,False
30,20,False,void,none,False,,False,False,False
30,21,False,void,none,False,,False,False,False
30,22,False,void,none,False,,False,False,False
30,23,False,void,none,False,,False,False,False
30,24,False,void,none,False,,False,False,False
31,0,False,void,none,False,,False,False,False
31,1,False,void,none,False,,False,False,False
31,2,False,void,none,False,,False,False,False
31,3,False,void,none,False,,False,False,False
31,4,False,void,none,False,,False,False,False
31,5,False,void,none,False,,False,False,False
31,6,False,void,none,False,,False,False,False
31,7,False,void,none,False,,False,False,False
31,8,True,core_area,south_core,False,,True,True,True
31,9,True,core_area,south_core,False,,True,True,True
31,10,True,core_area,south_core,False,,True,True,True
31,11,True,center_ring,south_core,False,,False,True,True
31,12,True,center_core,center_south,False,boss,False,True,True
31,13,True,core_area,south_core,False,,True,True,True
31,14,True,core_area,south_core,False,,True,True,True
31,15,True,core_area,south_core,False,,True,True,True
31,16,False,void,none,False,,False,False,False
31,17,False,void,none,False,,False,False,False
31,18,False,void,none,False,,False,False,False
31,19,False,void,none,False,,False,False,False
31,20,False,void,none,False,,False,False,False
31,21,False,void,none,False,,False,False,False
31,22,False,void,none,False,,False,False,False
31,23,False,void,none,False,,False,False,False
31,24,False,void,none,False,,False,False,False
32,0,False,void,none,False,,False,False,False
32,1,False,void,none,False,,False,False,False
32,2,False,void,none,False,,False,False,False
32,3,False,void,none,False,,False,False,False
32,4,False,void,none,False,,False,False,False
32,5,False,void,none,False,,False,False,False
32,6,False,void,none,False,,False,False,False
32,7,False,void,none,False,,False,False,False
32,8,False,void,none,False,,False,False,False
32,9,True,core_area,south_core,False,,True,True,True
32,10,True,core_area,south_core,False,,True,True,True
32,11,True,core_area,south_core,False,,True,True,True
32,12,True,core_area,south_core,False,,True,True,True
32,13,True,core_area,south_core,False,,True,True,True
32,14,True,core_area,south_core,False,,True,True,True
32,15,True,core_area,south_core,False,,True,True,True
32,16,False,void,none,False,,False,False,False
32,17,False,void,none,False,,False,False,False
32,18,False,void,none,False,,False,False,False
32,19,False,void,none,False,,False,False,False
32,20,False,void,none,False,,False,False,False
32,21,False,void,none,False,,False,False,False
32,22,False,void,none,False,,False,False,False
32,23,False,void,none,False,,False,False,False
32,24,False,void,none,False,,False,False,False
33,0,False,void,none,False,,False,False,False
33,1,False,void,none,False,,False,False,False
33,2,True,outer_area,southwest_outer,False,,True,True,True
33,3,True,outer_area,southwest_outer,False,,True,True,True
33,4,True,outer_area,southwest_outer,False,,True,True,True
33,5,True,outer_area,southwest_outer,False,,True,True,True
33,6,True,outer_area,southwest_outer,False,,True,True,True
33,7,False,void,none,False,,False,False,False
33,8,False,void,none,False,,False,False,False
33,9,True,core_area,south_core,False,,True,True,True
33,10,True,core_area,south_core,False,,True,True,True
33,11,True,core_area,south_core,False,,True,True,True
33,12,True,spawn,south_inner_spawn,True,player_spawn,False,False,False
33,13,True,core_area,south_core,False,,True,True,True
33,14,True,core_area,south_core,False,,True,True,True
33,15,False,void,none,False,,False,False,False
33,16,False,void,none,False,,False,False,False
33,17,False,void,none,False,,False,False,False
33,18,True,outer_area,southeast_outer,False,,True,True,True
33,19,True,outer_area,southeast_outer,False,,True,True,True
33,20,True,outer_area,southeast_outer,False,,True,True,True
33,21,True,outer_area,southeast_outer,False,,True,True,True
33,22,True,outer_area,southeast_outer,False,,True,True,True
33,23,False,void,none,False,,False,False,False
33,24,False,void,none,False,,False,False,False
34,0,False,void,none,False,,False,False,False
34,1,False,void,none,False,,False,False,False
34,2,True,outer_area,southwest_outer,False,,True,True,True
34,3,True,outer_area,southwest_outer,False,,True,True,True
34,4,True,outer_area,southwest_outer,False,,True,True,True
34,5,True,outer_area,southwest_outer,False,,True,True,True
34,6,True,outer_area,southwest_outer,False,,True,True,True
34,7,True,outer_area,southwest_outer,False,,True,True,True
34,8,False,void,none,False,,False,False,False
34,9,False,void,none,False,,False,False,False
34,10,True,core_area,south_core,False,,True,True,True
34,11,True,core_area,south_core,False,,True,True,True
34,12,True,core_area,south_core,False,,True,True,True
34,13,True,core_area,south_core,False,,True,True,True
34,14,True,core_area,south_core,False,,True,True,True
34,15,False,void,none,False,,False,False,False
34,16,False,void,none,False,,False,False,False
34,17,False,void,none,False,,False,False,False
34,18,True,outer_area,southeast_outer,False,,True,True,True
34,19,True,outer_area,southeast_outer,False,,True,True,True
34,20,True,outer_area,southeast_outer,False,,True,True,True
34,21,True,outer_area,southeast_outer,False,,True,True,True
34,22,True,outer_area,southeast_outer,False,,True,True,True
34,23,True,outer_area,southeast_outer,False,,True,True,True
34,24,False,void,none,False,,False,False,False
35,0,False,void,none,False,,False,False,False
35,1,True,outer_area,southwest_outer,False,,True,True,True
35,2,True,spawn,southwest_spawn,True,player_spawn,False,False,False
35,3,True,outer_area,southwest_outer,False,,True,True,True
35,4,True,outer_area,southwest_outer,False,,True,True,True
35,5,True,outer_area,southwest_outer,False,,True,True,True
35,6,True,outer_area,southwest_outer,False,,True,True,True
35,7,True,connector,,False,,True,False,True
35,8,False,void,none,False,,False,False,False
35,9,False,void,none,False,,False,False,False
35,10,False,void,none,False,,False,False,False
35,11,False,void,none,False,,False,False,False
35,12,False,void,none,False,,False,False,False
35,13,False,void,none,False,,False,False,False
35,14,False,void,none,False,,False,False,False
35,15,False,void,none,False,,False,False,False
35,16,True,connector,,False,,True,False,True
35,17,True,outer_area,southeast_outer,False,,True,True,True
35,18,True,outer_area,southeast_outer,False,,True,True,True
35,19,True,outer_area,southeast_outer,False,,True,True,True
35,20,True,outer_area,southeast_outer,False,,True,True,True
35,21,True,outer_area,southeast_outer,False,,True,True,True
35,22,True,spawn,southeast_spawn,True,player_spawn,False,False,False
35,23,True,outer_area,southeast_outer,False,,True,True,True
35,24,False,void,none,False,,False,False,False
36,0,False,void,none,False,,False,False,False
36,1,True,outer_area,southwest_outer,False,,True,True,True
36,2,True,outer_area,southwest_outer,False,,True,True,True
36,3,True,outer_area,southwest_outer,False,,True,True,True
36,4,True,outer_area,southwest_outer,False,,True,True,True
36,5,True,outer_area,southwest_outer,False,,True,True,True
36,6,True,outer_area,southwest_outer,False,,True,True,True
36,7,True,outer_area,southwest_outer,False,,True,True,True
36,8,True,connector,,False,,True,False,True
36,9,True,connector,,False,,True,False,True
36,10,True,connector,,False,,True,False,True
36,11,False,void,none,False,,False,False,False
36,12,False,void,none,False,,False,False,False
36,13,False,void,none,False,,False,False,False
36,14,False,void,none,False,,False,False,False
36,15,True,connector,,False,,True,False,True
36,16,True,connector,,False,,True,False,True
36,17,True,connector,,False,,True,False,True
36,18,True,outer_area,southeast_outer,False,,True,True,True
36,19,True,outer_area,southeast_outer,False,,True,True,True
36,20,True,outer_area,southeast_outer,False,,True,True,True
36,21,True,outer_area,southeast_outer,False,,True,True,True
36,22,True,outer_area,southeast_outer,False,,True,True,True
36,23,True,outer_area,southeast_outer,False,,True,True,True
36,24,True,outer_area,southeast_outer,False,,True,True,True
37,0,True,outer_area,southwest_outer,False,,True,True,True
37,1,True,outer_area,southwest_outer,False,,True,True,True
37,2,True,outer_area,southwest_outer,False,,True,True,True
37,3,True,outer_area,southwest_outer,False,,True,True,True
37,4,True,outer_area,southwest_outer,False,,True,True,True
37,5,True,outer_area,southwest_outer,False,,True,True,True
37,6,True,outer_area,southwest_outer,False,,True,True,True
37,7,True,outer_area,southwest_outer,False,,True,True,True
37,8,True,connector,,False,,True,False,True
37,9,False,void,none,False,,False,False,False
37,10,True,outer_area,south_outer,False,,True,True,True
37,11,True,outer_area,south_outer,False,,True,True,True
37,12,True,outer_area,south_outer,False,,True,True,True
37,13,True,outer_area,south_outer,False,,True,True,True
37,14,False,void,none,False,,False,False,False
37,15,False,void,none,False,,False,False,False
37,16,True,connector,,False,,True,False,True
37,17,True,outer_area,southeast_outer,False,,True,True,True
37,18,True,outer_area,southeast_outer,False,,True,True,True
37,19,True,outer_area,southeast_outer,False,,True,True,True
37,20,True,outer_area,southeast_outer,False,,True,True,True
37,21,True,outer_area,southeast_outer,False,,True,True,True
37,22,True,outer_area,southeast_outer,False,,True,True,True
37,23,True,outer_area,southeast_outer,False,,True,True,True
37,24,True,outer_area,southeast_outer,False,,True,True,True
38,0,False,void,none,False,,False,False,False
38,1,True,outer_area,southwest_outer,False,,True,True,True
38,2,True,outer_area,southwest_outer,False,,True,True,True
38,3,True,outer_area,southwest_outer,False,,True,True,True
38,4,True,outer_area,southwest_outer,False,,True,True,True
38,5,True,outer_area,southwest_outer,False,,True,True,True
38,6,True,outer_area,southwest_outer,False,,True,True,True
38,7,True,outer_area,southwest_outer,False,,True,True,True
38,8,True,outer_area,southwest_outer,False,,True,True,True
38,9,False,void,none,False,,False,False,False
38,10,True,outer_area,south_outer,False,,True,True,True
38,11,True,outer_area,south_outer,False,,True,True,True
38,12,True,outer_area,south_outer,False,,True,True,True
38,13,True,outer_area,south_outer,False,,True,True,True
38,14,True,outer_area,south_outer,False,,True,True,True
38,15,False,void,none,False,,False,False,False
38,16,False,void,none,False,,False,False,False
38,17,True,outer_area,southeast_outer,False,,True,True,True
38,18,True,outer_area,southeast_outer,False,,True,True,True
38,19,True,outer_area,southeast_outer,False,,True,True,True
38,20,True,outer_area,southeast_outer,False,,True,True,True
38,21,True,outer_area,southeast_outer,False,,True,True,True
38,22,True,outer_area,southeast_outer,False,,True,True,True
38,23,True,outer_area,southeast_outer,False,,True,True,True
38,24,True,outer_area,southeast_outer,False,,True,True,True
39,0,False,void,none,False,,False,False,False
39,1,True,outer_area,southwest_outer,False,,True,True,True
39,2,True,outer_area,southwest_outer,False,,True,True,True
39,3,True,outer_area,southwest_outer,False,,True,True,True
39,4,True,outer_area,southwest_outer,False,,True,True,True
39,5,True,outer_area,southwest_outer,False,,True,True,True
39,6,True,outer_area,southwest_outer,False,,True,True,True
39,7,True,outer_area,southwest_outer,False,,True,True,True
39,8,False,void,none,False,,False,False,False
39,9,True,outer_area,south_outer,False,,True,True,True
39,10,True,outer_area,south_outer,False,,True,True,True
39,11,True,outer_area,south_outer,False,,True,True,True
39,12,True,outer_area,south_outer,False,,True,True,True
39,13,True,outer_area,south_outer,False,,True,True,True
39,14,True,outer_area,south_outer,False,,True,True,True
39,15,False,void,none,False,,False,False,False
39,16,False,void,none,False,,False,False,False
39,17,True,outer_area,southeast_outer,False,,True,True,True
39,18,True,outer_area,southeast_outer,False,,True,True,True
39,19,True,outer_area,southeast_outer,False,,True,True,True
39,20,True,outer_area,southeast_outer,False,,True,True,True
39,21,True,outer_area,southeast_outer,False,,True,True,True
39,22,True,outer_area,southeast_outer,False,,True,True,True
39,23,True,outer_area,southeast_outer,False,,True,True,True
39,24,False,void,none,False,,False,False,False
40,0,False,void,none,False,,False,False,False
40,1,False,void,none,False,,False,False,False
40,2,True,outer_area,southwest_outer,False,,True,True,True
40,3,True,outer_area,southwest_outer,False,,True,True,True
40,4,True,outer_area,southwest_outer,False,,True,True,True
40,5,True,outer_area,southwest_outer,False,,True,True,True
40,6,True,outer_area,southwest_outer,False,,True,True,True
40,7,True,outer_area,southwest_outer,False,,True,True,True
40,8,False,void,none,False,,False,False,False
40,9,True,outer_area,south_outer,False,,True,True,True
40,10,True,outer_area,south_outer,False,,True,True,True
40,11,True,outer_area,south_outer,False,,True,True,True
40,12,True,spawn,south_spawn_mid,True,player_spawn,False,False,False
40,13,True,outer_area,south_outer,False,,True,True,True
40,14,True,outer_area,south_outer,False,,True,True,True
40,15,True,outer_area,south_outer,False,,True,True,True
40,16,False,void,none,False,,False,False,False
40,17,False,void,none,False,,False,False,False
40,18,True,outer_area,southeast_outer,False,,True,True,True
40,19,True,outer_area,southeast_outer,False,,True,True,True
40,20,True,outer_area,southeast_outer,False,,True,True,True
40,21,True,outer_area,southeast_outer,False,,True,True,True
40,22,True,outer_area,southeast_outer,False,,True,True,True
40,23,True,outer_area,southeast_outer,False,,True,True,True
40,24,False,void,none,False,,False,False,False
41,0,False,void,none,False,,False,False,False
41,1,False,void,none,False,,False,False,False
41,2,True,outer_area,southwest_outer,False,,True,True,True
41,3,True,outer_area,southwest_outer,False,,True,True,True
41,4,True,outer_area,southwest_outer,False,,True,True,True
41,5,True,outer_area,southwest_outer,False,,True,True,True
41,6,True,outer_area,southwest_outer,False,,True,True,True
41,7,False,void,none,False,,False,False,False
41,8,False,void,none,False,,False,False,False
41,9,True,outer_area,south_outer,False,,True,True,True
41,10,True,outer_area,south_outer,False,,True,True,True
41,11,True,outer_area,south_outer,False,,True,True,True
41,12,True,outer_area,south_outer,False,,True,True,True
41,13,True,outer_area,south_outer,False,,True,True,True
41,14,True,outer_area,south_outer,False,,True,True,True
41,15,False,void,none,False,,False,False,False
41,16,False,void,none,False,,False,False,False
41,17,False,void,none,False,,False,False,False
41,18,True,outer_area,southeast_outer,False,,True,True,True
41,19,True,outer_area,southeast_outer,False,,True,True,True
41,20,True,outer_area,southeast_outer,False,,True,True,True
41,21,True,outer_area,southeast_outer,False,,True,True,True
41,22,True,outer_area,southeast_outer,False,,True,True,True
41,23,False,void,none,False,,False,False,False
41,24,False,void,none,False,,False,False,False
42,0,False,void,none,False,,False,False,False
42,1,False,void,none,False,,False,False,False
42,2,False,void,none,False,,False,False,False
42,3,False,void,none,False,,False,False,False
42,4,False,void,none,False,,False,False,False
42,5,False,void,none,False,,False,False,False
42,6,False,void,none,False,,False,False,False
42,7,False,void,none,False,,False,False,False
42,8,False,void,none,False,,False,False,False
42,9,False,void,none,False,,False,False,False
42,10,True,outer_area,south_outer,False,,True,True,True
42,11,True,outer_area,south_outer,False,,True,True,True
42,12,True,outer_area,south_outer,False,,True,True,True
42,13,True,outer_area,south_outer,False,,True,True,True
42,14,True,outer_area,south_outer,False,,True,True,True
42,15,False,void,none,False,,False,False,False
42,16,False,void,none,False,,False,False,False
42,17,False,void,none,False,,False,False,False
42,18,False,void,none,False,,False,False,False
42,19,False,void,none,False,,False,False,False
42,20,False,void,none,False,,False,False,False
42,21,False,void,none,False,,False,False,False
42,22,False,void,none,False,,False,False,False
42,23,False,void,none,False,,False,False,False
42,24,False,void,none,False,,False,False,False
